{"cameraMode":{"drawMode":0,"name":"Shaded","section":"Shading Mode"},"sceneLighting":false,"audioPlay":false,"sceneViewState":{"m_AlwaysRefresh":false,"showFog":true,"showSkybox":true,"showFlares":true,"showImageEffects":true,"showParticleSystems":true,"showVisualEffectGraphs":true,"m_FxEnabled":true},"in2DMode":false,"pivot":{"x":-1.3836021423339844,"y":0.20869827270507813,"z":1.2741203308105469},"rotation":{"x":-0.08942814916372299,"y":0.894790768623352,"z":-0.2079145759344101,"w":-0.38486725091934206},"size":18.76238441467285,"orthographic":false}