{"cameraMode":{"drawMode":0,"name":"Shaded","section":"Shading Mode"},"sceneLighting":false,"audioPlay":false,"sceneViewState":{"m_AlwaysRefresh":false,"showFog":true,"showSkybox":true,"showFlares":true,"showImageEffects":true,"showParticleSystems":true,"showVisualEffectGraphs":true,"m_FxEnabled":true},"in2DMode":false,"pivot":{"x":35.248863220214847,"y":-25.346355438232423,"z":66.70712280273438},"rotation":{"x":0.1910780668258667,"y":0.022078638896346093,"z":-0.0042990753427147869,"w":0.9813172817230225},"size":28.235797882080079,"orthographic":false}